Country,2013,2014,2015,2016,2017,2018,2019,2020,2021,2022,2023,2024
Uganda,-75169.2486388812,-127951.34419786124,-40466.04549560202,-86022.0950629924,82554.50853746998,109531.74170082266,43439.41054046748,72699.19701886449,159108.09852428097,105739.72742257072,199177.34461505144,209226.1434469084
Eritrea,-51054.21519618671,-113377.65270766392,-24588.431002174948,-78349.88646501234,12411.61378579672,28581.8054896288,13823.96672399971,2299.5017373385226,54688.27036823865,67385.39850513963,76895.87320078006,77260.40398648278
Ethiopia,-535710.6569263954,-890794.136821862,-216494.73733276656,-712082.5128546096,193699.19000877743,358371.82807635365,62740.11421101456,72666.8919179725,532934.2998064111,683854.655632505,677276.3616242154,685950.1579512071
Comoros,-682.6029492903491,-793.2959009707657,-974.8995473983769,-901.0506595594808,435.6036314067452,737.3216067850445,232.306706242666,1048.0984580631473,1272.597232657842,1003.0517442459771,1624.0991102495886,1575.5568544200794
Djibouti,-8683.996653719709,-14902.712740658231,-1836.914446601279,-12509.663612303011,5112.846466790888,9823.71670524034,5092.257521108541,5368.3379474819,13483.109731760564,17939.63630521,16987.71327857156,17718.944331392544
Zambia,-314026.9207559336,-359627.17935760424,-355985.3753773357,-320845.3062216392,247634.1142083807,248823.1208337677,173083.65727811056,313041.80327120586,489235.5458071231,56071.81007548741,466367.6113417794,495208.4649394414
Rwanda,-2236.002084133728,-2377.7381014593034,1673.0640638653558,-2892.543385990598,16145.584658658528,20235.58706534574,13962.32489224762,24639.70210929901,31096.238778235453,14206.944802299144,40086.252261375885,45708.65862238944
Mozambique,-284347.5702010039,-373300.3663096402,-388354.2406714787,-327286.04115908383,240741.3952717721,278016.8942504704,117992.93270768166,332158.4407944852,506967.3937429144,459176.43313559145,587680.6462396071,656438.1920763433
Somalia,-299305.5964416707,-334176.7132490326,-66965.27847766463,-405750.2633109464,119629.99540083564,225756.05375685115,-17559.12901421965,19407.365698307043,277628.86055458663,415921.59867799527,392048.7851208975,433471.516387829
Seychelles,619.0414847942566,642.6928644678178,736.307059466207,695.4853400997338,944.5358299977908,914.0242024028604,837.0563476829574,927.0120689284804,1049.7643812279778,935.9406694994508,1113.9660418486303,1180.665513414281
Mauritius,9338.738521197589,9701.46786178587,9873.997049168782,10236.714281328175,12356.710089669765,12648.032789153927,12919.646710861674,12972.09471223592,14220.77895056789,14509.091581046769,18054.718707287742,19206.62687560452
Burundi,-7683.221139000825,-9801.528458082788,-7535.759597018997,-13931.426073674358,9154.419246850126,11009.479270019276,5104.424848823973,16299.21952618115,21172.344611744706,-1566.7152872509253,21962.94637213789,22945.26565981176
Madagascar,-266833.7342914089,-284097.6759913441,-311879.86843359243,-267111.7953736019,169851.82386651737,171582.3238882156,44980.90149761092,175950.18464516857,357713.5886113774,-292186.2942094361,419918.1434152324,405268.4037295508
Malawi,-38636.98314479472,-49078.42985544054,-45207.8551252197,-44439.83155545526,39354.423260078285,50346.27774093999,29601.627916360776,47523.126258085766,87680.7998916593,70500.86046555729,84567.43458360535,99167.50125902696
Zimbabwe,-158679.046610041,-199868.41783944768,-206295.2862234974,-169568.03916671136,111873.65467616078,123435.1032155032,86689.2301868752,169458.07241937425,258232.57891501824,93032.8153685494,278366.640926878,295595.5619021735
United Republic of Tanzania,-305440.9418344606,-424608.0382192677,-302909.0628499524,-384215.2132798655,279013.4928367672,403617.6473644135,165556.40971520034,452956.3256079831,619199.0520194699,518311.4947709948,752737.3239233231,774341.1203310762
Kenya,-177080.1295158238,-268339.5939161836,-67430.84796240824,-196963.8983945021,230605.47171344672,319553.4687222584,147116.60598466272,144710.49401009694,414787.97999330965,504008.3353285355,534640.9874162149,545661.7986762348
Equatorial Guinea,-1622.521084638594,459.2146134584941,5100.439066628156,-4159.4452945456815,14141.344962103274,19038.75426101702,12475.910414857874,10851.558020523047,26749.598065938488,20070.566630476267,24182.647422582744,26636.426270563617
Democratic Republic of the Congo,-778608.5986058423,-1032867.30268951,-699363.8623998126,-1040381.7475882132,596819.7930797407,807006.1302831685,204962.96999012897,897230.8562542035,1273771.0339845566,387526.3775381216,1293894.73535116,1508810.0389548466
Cameroon,-206716.9710549345,-237221.964819136,-61758.14252800247,-226610.14584897977,91943.33266534128,172449.3035736744,47169.7098244326,75394.93558293849,287674.3923716972,271107.48219676886,276977.30096916883,317101.9162573705
South Sudan,-276458.03301943606,-518847.0845059665,-172332.00324751667,-352761.1766525337,111293.70383897387,203369.5611043394,14849.20774828619,129646.354253477,298864.341035936,215956.3627893325,383583.6182480472,366604.3199063491
Sao Tome and Principe,140.72632371572388,251.197743996411,382.6065278256818,396.5558909423048,1282.3058064965942,1106.365780779545,931.0164344212776,938.0840637231404,1397.0497997640298,1298.975455695043,1311.981403227245,1798.155954032395
Gabon,-42035.67061901896,-68238.72199824396,-51875.853994573925,-103028.84714937607,78884.68058676836,109348.98609651648,48928.32456098546,113222.75631218751,168484.4949283333,131764.59434996248,167513.38757258534,160024.14972472202
Chad,-445155.6533216341,-722402.380837407,-155931.4764379645,-569829.9368358905,291250.5903664249,490759.87770693854,160941.91074550265,182035.34408744777,763578.7766841399,821933.786412203,910160.4810716336,991909.4260428376
Congo,-47231.44168226199,-121259.82443496802,-83918.12283054259,-148617.3602496439,106322.65913872755,145083.73764985625,65700.38519341362,234088.2342621969,239499.5877157682,186143.00112819104,234573.1689784889,260475.96823650447
Central African Republic,-317458.72087750176,-388226.6721161247,-161992.37667127931,-349744.6689988716,91811.3444724584,198251.4503498747,21698.543757959746,198811.435901564,316977.0355600287,317595.5760413873,313538.1091146948,315139.3739508812
Angola,-422387.2221482803,-628616.9532228895,-579804.257240497,-514820.42462642223,371841.0670056294,403698.66828935366,265585.5434985848,588849.2096944522,793181.0133658382,131164.3858252749,822060.7087322518,874060.8880070046
Morocco,506640.938376064,468290.46768967534,508276.0575455227,576475.7972784747,941611.9326214488,914634.9611213342,850071.8713915052,899774.3545009242,1115261.1353455158,1021624.5613047038,1226985.760831057,1301695.7882026464
Tunisia,243661.7299799595,272905.7896131143,244941.38285601404,283180.8792746953,446804.7476188056,435206.6369016988,440271.161422812,418592.5300388213,536094.0347967135,461588.5505292647,587571.7289320866,616779.5192022704
Egypt,2121051.1506249444,1615627.5174601895,1927837.299376212,1960649.9225635005,2754357.877790447,2748954.6495273174,2704966.8816612754,2511679.910683363,3191602.984340591,2669587.889132505,3190651.026741583,3263883.975036099
Algeria,1640148.1698863583,1346978.3744912338,1584108.1851034549,1753514.4474508008,3502846.838770306,3365836.0989105934,2825205.8864436685,2814143.684905201,4125851.413936388,3165553.5262423265,4837173.779363234,5272005.120348214
Libyan Arab Jamahiriya,638316.8263244063,87372.90965332725,372085.85232309,310565.2826067638,1730372.9218354372,1689146.6378074884,1316956.6460841317,1068169.5731282,2366362.4614212736,1819851.8939823257,2927480.770068764,3078496.6701905467
Sudan,-547440.561544046,-1322620.2310381029,-187896.26446442984,-926093.0113578568,438563.6839052084,710491.2992676124,348420.25296042435,345934.211814586,1090425.4593371851,839768.6212499682,1466157.5653707157,1432052.920060684
Botswana,-190996.0670935373,-337351.08025080216,-321256.1261249438,-271814.1317249291,161822.22454014336,175497.84074879522,107372.53103052544,191256.1196591332,365516.773294738,-171409.81212569808,411683.4380476491,428162.6362284144
Lesotho,4713.361803152312,-10127.786369830885,-11366.613497364626,-5933.491630490618,19329.26307630548,15777.90789409295,15080.250466926114,20826.06604027945,26665.10552193052,22724.68787281838,30980.49246266629,36909.49117571721
Swaziland,10549.359514009437,5836.158728545742,5904.525020201933,7319.139202101541,21731.819019701983,19799.88156017571,20256.690129455103,21692.572738048173,26956.976657882544,21006.347614668783,30789.585313141764,33159.30345422363
South Africa,992334.6436685432,429908.81205533154,556944.3308198603,705027.4913018253,1671255.321223748,1564323.2657033843,1555645.47295199,1555137.2885759138,1931659.83745056,863915.8270532514,2058532.8619532413,2281407.0251296274
Namibia,-217740.2482708599,-469772.116702106,-434348.3658759223,-390082.48058886494,238976.51529374093,231280.49037522363,146513.75233562483,202950.02230776777,490755.1789999509,-126964.74455822678,592274.0613700474,643870.6558572924
Niger,-265166.09623141243,-601489.944801189,-37280.43858225247,-425528.45692173473,287272.56073144224,500238.26429801714,232614.55755312697,24014.05913778661,812934.2513581946,617006.588404709,1042814.2189573128,1125581.6885322016
Guinea-Bissau,-14250.82061151904,-16271.446842971009,-4708.692059822904,-17504.881676874033,6593.501165491616,8717.257228572345,3498.121821468786,450.85748562401307,21058.5713400852,20328.589286943406,21082.40009579791,22385.153029327423
Cape Verde,738.1951325293168,1702.8237538702374,2071.242644951085,821.3483398052808,4035.9051248512615,4765.919708618978,4228.984538408387,3746.264428612984,5853.758033800792,5155.73298766902,7157.980984253836,6208.019372445034
Benin,-33353.593093052645,-45202.29276069715,-6847.100358494037,-41946.1180111228,27335.32557045548,51863.84386962463,17158.15903275077,28726.181140190434,95256.48794752132,110439.73306071723,87108.39617450481,97589.64405029888
Nigeria,-47981.53660471595,-243698.73739953365,187323.16039414305,-142786.55896386527,495343.6295054609,681402.0891157734,419464.5467928652,497400.4532263279,989690.962491732,707851.1473997729,819749.0201408664,845515.8962078223
Gambia,-1962.013085262313,-2899.345562941716,1062.3632082905826,-2754.4377726816274,3435.911083101828,5654.650001967657,3788.075585344569,2558.103818944253,11056.232852485296,11140.618523883342,13509.304495890432,14228.553851172925
Burkina Faso,-88755.69885731283,-100573.8387539646,-23040.75151746717,-106737.7129924486,46836.967666951285,121642.70024403738,21328.91132381732,50774.99345585085,199315.6619779507,120306.01311006886,216313.6513433581,229101.4551963017
Liberia,-31987.87419236775,-25595.781052621576,-9754.794639207445,-48506.52330753666,24090.774438716428,26354.51449197163,1630.8972790420075,-899.5800235140109,64936.91151193979,62449.18062551812,64862.39321652096,77026.93675486473
Senegal,-55004.03022908517,-62385.25522231982,8315.34969378594,-63111.39808640124,65145.41147899559,94769.78529218408,58762.52046758033,27431.85361704699,169880.63624909395,164751.05727458704,217653.0022322421,220639.03539346528
Mauritania,-109761.89560381022,-206339.9554669789,12527.196863521702,-231565.76662707824,425829.83630029554,560489.7459916349,239053.3719368543,160789.20616768362,828885.6069046799,838519.0700609973,1146855.9867818872,1162660.6402979577
CÃ´te d'Ivoire,-53232.88585749768,-51438.3470964208,31367.74244061645,-56390.58062749376,164760.76253108605,216609.71470941955,104694.82741350896,187687.2997299088,382498.8329298377,309163.5652385436,385801.7053268101,428101.8105191707
Sierra Leone,-29395.38885918812,-24853.83548213656,-12408.655477040013,-33608.239119718826,20849.49441271411,23105.15357580258,8289.228526891293,6510.873642004896,51637.24688706046,50950.371891348725,47397.51245405052,50877.87574013528
Mali,-279269.07704370853,-413331.5764823028,-58827.95340981212,-433256.0215200544,323144.0220641189,589576.5624650719,181501.127492405,233660.7947447766,920253.7561145446,764368.5495885946,1118210.7117154798,1220732.988216318
Togo,-13105.21280256966,-11538.006094432489,3515.9517569895856,-9602.704615041148,25766.68426588213,35226.977568812654,18205.78277079109,31401.28977348408,60620.465369080666,60488.46954279009,59022.19541799816,66887.90455916153
Guinea,-73668.64476954103,-102787.44541443857,-36824.005379965885,-94292.06988238616,82693.33823638357,101481.58037649097,51172.94107370303,60209.29962965894,190207.8730839568,178872.45873125907,171700.52914899314,196335.6875587342
Ghana,2278.180945893528,21249.974774612005,53648.01838137164,30655.562329121665,202879.1635237797,267914.2582131951,211601.45699264508,292698.912902064,478013.8020596398,323654.69702151406,484375.8071919883,541557.3419750226
Jamaica,38851.9781576739,36226.28741655775,40526.50021131037,37358.71021086164,45825.57320176376,48150.59754502302,48589.13677722702,43359.7209262218,51530.75148013636,46625.54089483112,55307.49678673924,44846.40561766289
Grenada,1242.9022747939105,1047.9750083399313,1158.4338206246005,1087.2135017878618,1308.096049148331,1267.084472443274,1256.1537090518814,1201.7111328518854,1311.0618964367056,1245.074619588256,1400.2073663922497,1326.207245534483
Dominican Republic,83624.03733752546,75923.57773628237,105460.42820471416,87959.77047511766,130184.75992111916,155286.171350508,169149.53425354982,155503.84911988018,213104.4163841899,212173.22830985577,260561.27545782857,262276.65136411536
Barbados,5551.208382726521,5815.416035152406,5789.26231272577,5732.8241191519965,6225.327679809036,6262.790644978104,6463.042187102373,5942.238616118033,6245.180864196838,5559.730554788956,6736.591635687562,6465.533445950057
Dominica,273.9232893246639,25.260513561564576,434.7093764099647,185.25878211754585,325.5965715726462,453.4509735044508,628.3713672595387,762.6608442438719,1056.9583779633992,1021.0626635439442,1323.822088406827,1192.1381847610216
Trinidad and Tobago,80866.32187440446,82617.52883622445,82506.63488002491,78417.69732425323,82808.32599958651,87043.5701107352,92229.84997652796,90655.81931070887,86294.65828541438,79726.54294866312,93916.16988904802,89772.67621960417
Bahamas,17615.35804125638,16616.13943116048,15955.88907729454,6966.531369130867,19923.28351708591,22659.808463167607,17226.389330029757,16076.000600541682,24515.117456479893,22812.35529055176,28786.53696427245,28153.873393312308
Saint Kitts and Nevis,1176.9328879263703,1364.7410499497105,1421.3813507201114,1303.9777539292315,1554.1036856834664,1670.5522661341756,1773.2759683329257,1574.7196728004262,1550.1692081552806,1590.6102720267058,1866.970080100848,1563.858159631257
Saint Lucia,3455.4937971599256,3212.835898864434,3491.190799789013,3183.5729002402954,3710.5449813988607,3633.66151712339,3789.120644439984,3662.3506119014864,3922.466739393242,3157.8088956550646,3507.1393519991752,2867.3186088394013
Antigua & Barbuda,3191.669021237195,3237.5553150635737,3518.4097968808405,3113.474549178952,3440.3198494054136,3320.2810481392185,3267.530004398169,3264.434629954084,3400.1460624194374,3602.384570880762,4361.085826514226,3812.5402259281504
Haiti,-2560.782889073675,-10974.460295492088,915.679507844005,-9189.474984758088,11462.239313898155,17284.35851550979,8289.297530993059,5993.570956162568,19420.11972686965,11821.85114703055,25855.96522683677,22738.59930220167
Cuba,77234.42023203697,78311.73266751404,100854.9220257716,73184.46999654821,149873.09028927656,168760.63249988807,155592.56348164994,125389.84292769503,180553.52074805484,148581.88044952476,201714.7134708208,183706.59724078045
Saint Vincent and the Grenadines,532.9031526051118,416.8863483121681,536.712460318431,506.2334621227211,747.1197490997007,805.292709515128,811.8787288826885,706.3441283539878,804.4871282780545,641.971685158279,981.7032477116688,950.4516448369798
Belize,1587.493649397336,696.5037977779172,3696.4159773863175,-2830.3271552675,12509.509035256437,16614.8215129601,13211.230606485487,7196.560198527148,21545.75977881209,22787.122656517684,28543.95639707057,29095.96052396413
Guatemala,55414.30389342869,48266.136664050486,72108.02647056666,45270.977623284016,125414.71847220905,140170.1469241097,124365.10089444692,102017.22655119974,177511.5214711836,147848.69838600516,195014.868570392,206554.8507346994
Honduras,39803.55233977531,32855.35324913436,51430.465282617566,21942.57595490576,110175.79614084055,121716.78097005012,106552.89055230592,94371.4800620834,140440.01016197694,120385.33018826506,162249.39073661645,164818.8524744513
Nicaragua,-11841.938144851982,-26638.94011840105,-7218.991981861066,-33894.03174240901,61985.77193436957,80203.6207209356,54003.68599453884,34508.640635047566,106452.8694360387,90686.02740290464,124069.33280470388,123510.19429884828
Costa Rica,68622.49908982455,69533.77763059692,78435.90393022729,66650.4511821965,105912.4966992092,108993.33062491476,101177.86030006368,98301.23678892716,119233.72203823076,102192.00715220814,116888.33184692312,119467.73267110367
Panama,21376.1932660142,15184.198354715492,36812.27911561945,18233.13857760428,79781.20472798806,94909.19956723684,79559.53186383487,81745.73578304784,111089.88409392344,94525.98790679498,123316.4333256948,116976.86564665168
El Salvador,24629.892822822203,21804.46240489649,32256.718913833647,23350.05384871269,42795.896594416685,45917.4240081593,42265.87599081253,41098.03332769682,51674.26256260427,41286.84297565817,49459.75906457043,55117.676348703615
Mexico,2230251.9742224584,2187279.064619265,2110819.2767757624,1991023.8914737147,3404048.956966517,3879403.903538933,3444165.077817834,3003138.718991155,4713963.532788934,4128932.330800856,5506846.790715644,5554012.382325864
Canada,27381598.53903312,22926246.267190177,31689019.558764324,25063810.87414727,43326589.2079755,33316726.521852985,35317830.81521081,32184405.97324452,36670130.77622389,39680625.40224049,36749201.93347582,37561166.73135774
United States of America,36311355.9723552,35504599.04594,35165998.01750105,31378079.446842827,43873163.03951161,40054199.59847762,41552330.23447874,39915781.7352131,43935972.00156234,44541923.671835296,50290643.62479305,49520520.27386872
Suriname,-45639.72417896875,-84868.110118264,-32512.8330416274,-82829.99001222842,22796.52611434777,58242.08707889052,27376.22454235449,43344.16675156893,86578.24743174585,86059.77852268118,89616.02712290495,114160.39812641396
Peru,-289097.74786123564,-571899.9857140883,-406736.1406243822,-381073.3260588246,506094.2430840229,660936.5167560917,415346.0140619635,676241.4278810994,967037.5004500486,514025.1560718839,1049143.6027100594,995896.2830207788
Paraguay,93874.60200285156,71005.2636062388,51183.18293656143,68525.8819653599,396189.2854086424,390300.4822918256,290173.97568051214,461808.0615298323,572246.2768836108,345557.28377539554,702925.8352269833,689023.3340325669
Colombia,53773.95255829811,-316587.4948568398,134409.0269045968,-112995.50437789218,746138.8925186936,908851.9689792304,641031.8774580602,725456.111326221,1129729.5384053113,834326.3770814697,1143602.5463351505,1173973.8940802077
Guyana,-78923.91664022084,-151315.1693331124,-75294.84191557477,-130544.72328764365,23787.49416813196,57256.09575177214,16658.294292752584,40551.03899277296,106402.57997789726,117897.17600431512,131481.25199874202,149535.38656499443
Venezuela,1272188.7912271137,1299058.2960149655,1371021.209976355,1073495.000711268,1362939.074499071,1458887.2628404624,1383455.4820266282,1105137.330557018,1588794.2928457535,1284358.6865541458,1662343.3695852938,1730736.7873526649
Uruguay,128809.95070906526,104371.95952413608,90528.55461186708,70187.18990576759,248843.9152726773,221849.54946788485,239557.61785894312,237728.03894648736,297661.85686845647,238937.60012407537,343783.651416082,377989.3609709512
Argentina,1960397.8431237144,1435469.9599217726,1393023.5843719528,937440.3184627768,3912258.609417343,3782925.89326645,3546115.3476162106,3848893.2579148593,4339578.307736723,4136053.971241016,5263101.356320778,5536665.075119396
Chile,337966.7350497715,187842.9526229404,86825.66017031277,87849.61402922726,833674.0459737969,852033.157479548,778933.7075497922,862176.3405080456,1078264.9631966285,990844.3532780536,1283849.094177742,1402111.2855311078
Brazil,1628391.0186016392,759755.6105282812,1062968.9662277922,1020256.5290192048,7467676.9303701455,8131516.045259655,6702374.06795584,8461413.389127035,10676344.081815112,6917588.2332184175,10936271.7836011,11743893.87173272
Bolivia,-366346.4112289936,-398894.8898747251,-406614.3972289522,-395039.1908175229,422032.40470094426,463006.0472100211,282581.8747154197,505846.1622368417,826566.4665400515,582404.7275895029,902740.2208871394,906853.5057338546
Ecuador,165981.1990166008,143421.29927100675,231068.08985538257,195672.422847654,399412.4168516417,449601.3650932632,413420.63971736224,410744.79734471935,567697.0743107672,336812.52262976504,518400.31833482895,491270.5442090625
Uzbekistan,478910.5882622994,207221.7783575809,111859.42561613364,84217.00740468266,574684.9323239896,586625.8385483141,643732.471771168,722665.4081537669,964510.8411884896,824172.0007600671,1139927.36006608,1151224.9988349346
Kazakhstan,2414905.92075914,-229549.47376276963,-74554.03084132436,-341319.7663292176,3900574.813117028,3533866.017003201,3756899.051667726,2484698.5613578674,4078751.035137819,4081343.992602384,4665074.895853789,5688882.400918899
Kyrgyzstan,141910.7714542486,57502.08447252156,-23283.11535464764,-24580.15021455822,215633.78372747745,196990.0516462692,228637.9405280068,324109.14869983395,372902.8947117463,334505.2565289646,432391.0729508933,440804.3978053965
Tajikistan,77009.06585568773,38017.83713452687,8763.634168355784,4681.923421133966,166383.75475340354,164230.42878194517,167246.97279086726,211175.838586016,226700.810939392,240079.1783316485,288072.89401660586,276154.0305466284
Turkmenistan,566124.8555097813,339572.60000640043,193456.45017786545,212095.6618193336,785635.7649081935,762344.6854454272,748064.6704354571,784406.2687688639,1067911.2425808115,834668.2870961607,1294036.5594235784,1293600.685479592
Mongolia,649415.3858919614,-753636.0125261664,-593125.4278408512,-643735.1376177577,1295663.247028296,1240772.0263556144,1468357.9943473598,1016921.3145913424,1813443.8634346924,1686805.5225235564,2112939.785329823,2633562.9559979914
Republic of Korea,1160359.1021083388,1021953.983699358,1023283.834035233,1061019.18999532,1221587.3140096855,1355254.6922478322,1384280.121837059,1276915.2642076912,1398851.4923425014,1355833.21469372,1384764.4849322469,1393100.317421419
Japan,1809205.1278542704,1459757.05113524,1563008.092508335,1527504.2825231685,1956809.3452487648,1965484.8220706813,2042847.0142382504,1851490.76754848,2046393.8411892648,1700222.057386052,2220968.468391105,2235414.8739205906
China,9942433.30293128,6088404.746420992,7643679.356515017,6409499.902300881,16714301.991221318,17378865.714075867,18031146.795919742,17911251.468331363,23822272.66041717,23187203.653378777,27234060.18806728,27602489.223168086
Democratic People's Republic of Korea,26050.047348621178,-81270.65005830128,-49054.70836247811,-57782.519941651466,82926.76165347248,68393.55580096241,77587.94393484497,87415.74851830598,137557.0442943865,126786.53907354924,156142.9649719005,186920.6338752732
Cambodia,-77661.11190502148,-141477.56407057482,-22693.46485137808,-109052.25049989251,39977.72448100035,35552.08841708652,20030.01391867351,48091.93014749634,149881.22293336736,140768.40585130997,174200.8884300946,150684.62474176884
Brunei Darussalam,33894.261562166444,27667.017616513705,31544.98016012476,26042.08929109241,33840.332519832664,31260.837349183937,31303.99742481287,31470.892378218403,25433.29815620617,21463.436112650143,23793.54252018882,25418.72762932736
Timor-Leste,-1798.798022664963,-7731.013430921537,-2034.3044152618545,-3672.302311511673,5879.378338465025,9015.91442298476,5112.690970892957,7419.788011664641,12132.830046550183,-780.969902115675,11818.207495491732,12754.479373422526
Myanmar,-152238.71377705672,-373332.4193526461,29795.351310778708,-301821.40890954644,243825.7985122481,285386.3089198364,153153.68004761,99174.13373002924,590184.1938797117,583763.0658014393,629304.9467460699,615557.5239134387
Lao People's Democratic Republic,-86671.66746803268,-164028.19439967987,-5880.297756818279,-126520.95414721756,61046.32365334441,62268.26683721223,6795.560715228199,20281.80622223914,168118.1835162923,168276.7009269647,200298.7251652612,189004.90269987503
Philippines,54560.62086814585,-61371.97498617442,100095.17217515528,13948.298865651872,220822.207663434,290452.77178027114,272610.7375496557,255416.88574532137,422741.28401718574,343665.0078427608,441332.8312668806,473821.9639714884
Indonesia,263579.6381335054,-25696.76439839026,758989.01415448,364005.1991615054,1767243.912938652,2082284.9522261955,1571020.9404049471,1809486.6940372293,2480498.804192429,1844787.9591036127,2674411.202912725,2662689.167193623
Singapore,98664.54600441594,92340.89446783627,76265.87938319647,93679.19446327449,92669.05046328004,99435.9198589512,96415.76723775304,96733.8461290906,95469.50113134948,71465.64072222477,86779.34774048843,82172.9432701742
Vietnam,549140.0999500364,85417.15322409746,333849.853229596,196817.15883670608,542691.7762974495,834472.0835348172,582810.2748716344,737860.4375689382,877696.9444968685,757643.6032534416,870813.1455395793,912277.8689041652
Malaysia,422900.6591581593,559745.060082747,637622.1867524813,645926.0478232164,926858.9606732826,1090223.7250030837,904695.6994513292,1007426.7598813896,1094457.5945088195,852626.9681376386,994765.0287255008,1071275.7154592562
Thailand,674111.3355817595,566078.1732375689,885531.4232706967,764665.0678352474,1242534.3583639178,1287438.7531501118,1301448.978267016,1383154.6548985348,1752169.0019503585,1517247.4719216651,1846615.0684953448,2015142.3151291995
Iran (Islamic Republic of),3036996.723301614,2740515.781915945,3228949.231719437,3217750.2130719894,5633666.2821856495,4830687.716511933,4828894.766632963,4663563.421936493,5984023.954622699,5795174.117970228,7082355.351813742,7469305.179255152
Sri Lanka,14347.170544922285,21650.40111462429,43487.1010351917,18840.71776974036,65255.99989334296,79784.20966991017,71579.38431707173,79522.44915102025,102368.57896728368,97018.06429322598,98171.537801899,100216.90128110096
Afghanistan,190723.04099259028,23251.571957714903,45458.31745961652,-1799.8898190110772,660310.8407534588,540716.7043741015,515204.3649308884,494106.97918423073,793066.214143351,602880.7515042593,938364.400255551,985874.9181515236
India,4184690.33985343,3826974.993714572,5205566.536800425,4496606.155519424,7007647.828231917,7706425.9686753955,7463561.315777631,7439992.186636719,9330466.312808665,9513337.679513391,10902047.81482912,10849333.552335477
Bhutan,484.0501757937229,-8037.62819528348,9866.623165783783,-8208.60784340554,20177.31605499123,22351.23423569539,17412.718106908076,1659.3491962190824,33990.92582446747,34353.461683526104,45061.731037395766,47732.3532003019
Bangladesh,113782.29695305906,91184.56512987026,148558.09667902312,110007.60220234738,225015.6145844298,255771.32266488345,231005.759387797,228754.23614571404,345480.796586751,294362.2595206592,356938.09516678605,363939.9671875378
Pakistan,490816.0167231458,324394.8477840992,517754.9087421915,367979.0525877568,1157029.7757143644,1140025.572761072,1057054.797581005,1012411.2651686856,1460214.4859368834,1497134.0429194565,1737120.5089107975,1610171.6696430976
Maldives,52.41288051683885,53.64093826834625,81.26557968891018,88.06989605935634,135.1671570626733,134.32499413289236,148.1218509530924,142.04822375651395,176.78519636179664,196.1062559467416,246.4812932725768,228.80356841712603
Nepal,12863.770437959018,-21158.971975065244,48370.65933693638,-13816.878346931737,113245.1962093138,108876.75839000948,101996.62365761524,73368.20718881272,176559.59989895715,188285.3494190937,243009.36451989028,254948.1322869427
Cyprus,66082.85170348341,70025.09982769791,71007.51325506355,69690.03584188165,84337.16275447235,84472.78652410887,79648.6609450541,72123.68371436808,78388.0597590969,72044.13557891775,82339.6876173978,85393.27620565293
Yemen,-13539.465173724406,-186404.43165734905,18231.536762136013,-217985.65882219432,149069.51480365323,203297.2950772404,127477.18857918034,137555.83107701904,338463.7326091697,414823.6727729696,419889.80269689584,410983.8933936939
Georgia,107332.86378526708,59301.89488046859,39884.66844105757,39578.91611667922,123276.73219558552,110050.92496106614,131962.33596119584,149296.12069276642,170973.02677300206,158356.8313389877,204439.2288038968,222451.1951308614
Kuwait,373629.6942873306,397801.06476449285,376683.79477197153,421035.9353917543,438710.11547349487,420223.0625302303,464770.5504034199,476346.1555552786,509659.14781587286,490621.0873461439,535507.4355733518,564408.2186569383
United Arab Emirates,929799.6163164782,949689.9983309668,988037.1422433757,949811.902282928,1002033.7518684856,1056827.9312999265,1118228.575052411,1103766.5515815862,1238070.8227371343,1205593.712129563,1330515.5107699083,1350136.46041696
Syrian Arab Republic,157173.85884768766,88865.41281931152,73451.77914394511,53162.389016123634,261222.84609465176,282540.1994814606,264481.1595759549,227872.20636902825,358572.8767736644,263213.3134506516,401246.2338798747,401330.42634166166
Oman,382269.8070496336,291299.07376705616,556532.8384478984,408041.315148475,679376.6627603957,686115.0434283823,644268.8138037988,526426.1569169788,705479.3720905916,674534.4428823469,816926.409301217,843100.1507259689
Bahrain,106298.71046425548,111269.18490141908,118760.76069976346,124653.8605995227,126184.13469582886,125987.55838448004,134918.5215842307,139717.17082528197,144494.5126226819,136394.83943015683,143969.6331481449,143092.43520186952
Azerbaijan,206338.4624595892,141886.97352743385,75851.75325488154,66605.30293908513,225579.2739595795,225242.93978403445,243294.49639916004,238287.58585439768,345835.7209016639,324929.9556707823,425395.88168938615,423247.6827973712
Armenia,31307.87860122287,17621.778770805373,2971.778228113162,-276.6041745415027,32946.01673298754,36602.11287374776,39726.06371734466,51985.99300543851,68348.70513444742,59660.50094932824,84481.2096861522,88045.14952117107
Turkey,2145130.7783793947,1953100.3328357115,1994271.3565125908,2190692.2575431108,3317317.385339879,3336167.385015659,3672648.9899437935,3938223.5135311135,4488313.026534226,3968270.16376865,4694106.599713018,4816884.733163908
Israel,472627.4543537055,503740.6424165473,486936.6311017497,519131.3772648064,547746.7262629701,563618.9115414817,581453.1996311159,564151.3116870653,609050.2965525036,591567.7843244128,596250.4110206418,678088.165921562
Saudi Arabia,3903105.9595701294,3532268.2281095143,5001577.25051451,4564685.047563477,6411109.843546024,6447058.199125621,6437088.732483544,6133987.89231865,7215672.213413649,6734735.1072521685,7607194.871015256,7969632.664744084
Iraq,1851266.4370805128,1867026.511313026,2321137.7446151166,2624658.129496868,2970433.411388364,2862355.417233912,2963792.082276206,3124846.207782993,3625572.0558725647,3610343.002512505,4088911.943311076,4421187.382251546
Lebanon,95276.8299299331,113970.74220807524,107314.04458403506,123436.207127932,155367.22718146894,164777.17573962334,165147.84614444923,129506.21375868394,78460.0309086745,47631.89774916285,61776.58406839303,76861.27887636122
Jordan,177961.60302278926,188234.61397126,214882.63248016025,237887.6628587397,353278.7368654328,352639.30265801365,401383.86930093024,349209.2565218302,437654.7523770525,426707.75313945167,532741.603831454,596847.2039675859
Qatar,376132.8276619382,413440.52194059966,442628.28451092215,462263.1735622331,511058.536770281,583371.1373270071,615359.0497569712,655892.569163186,703486.4996653871,677116.9788908594,734476.9614281845,763326.7163097239
Poland,1654928.680850732,1373615.054408845,1281575.6436096546,1445693.2257387936,1788978.5800101885,1925294.2937646653,1973900.38394204,1711382.4097745644,2251012.968986989,1862374.5512099208,1688764.3974022411,1695293.9958480997
Hungary,270314.9098861317,233162.91941644577,193457.52242256745,255797.16848304617,375243.4734229697,370008.0855692535,376556.9423348369,297898.187524752,449117.6596783676,373230.1645474898,412909.3150421045,439071.04881742375
Ukraine,806379.7443140798,402853.0375549125,300819.50507083297,432898.73893416754,1214209.4118244564,1261942.4634234398,1238983.655527362,917422.7232256976,1427285.1782846758,812377.484307992,962913.2622000452,1148720.3953195536
Bulgaria,190808.3361289261,145495.25242760498,96374.5723637266,139536.23676191916,278151.515502202,249375.5930246498,275563.03039844765,251830.1479554015,336539.97074194514,313251.5644792664,371079.70736562286,396385.26021088014
Czech Republic,400151.6528573347,331531.86601867113,323541.604676222,350279.36204563564,478907.3195450863,487407.39563958615,486727.2838250034,425200.0834588749,538343.1959554928,457297.4286554004,450781.2505362131,431931.1393563766
Slovakia,151090.32868504967,95787.37343724072,98680.9099313438,114051.69647583336,197844.64698023847,190947.8497647993,182531.8501487401,162209.62246178548,229032.43572982767,190479.21272008325,199687.2211649117,210247.4128260568
Russian Federation,47358688.74657722,34816363.29436632,48689086.67487691,38465674.764290735,68258105.52079478,53957742.76503952,54094015.56869274,47247169.184502885,61109226.61802659,71292890.58910182,77955140.2134091,76234304.23586282
Romania,467726.4505797601,384691.4384075755,329405.3595562589,386587.67483771854,641977.667624096,648460.6788368663,687135.8598050857,596093.3860048299,844879.558469886,785145.5314354055,893112.5808476377,907988.5711353824
Belarus,282217.1356841612,63841.94985881987,137279.17578961718,124721.82869992036,382667.1676331941,422744.1106087542,412884.5801752575,259098.2238585889,404137.4094703872,440653.80591507285,457657.5744948144,519207.0310639144
"Moldova, Republic of",24954.071201147533,20430.847513226323,13389.565813088882,17826.95488890568,54316.31862739541,62770.88962117476,63309.93621305509,48558.864099840444,88975.75390382312,82529.82694048449,83272.62263228341,77427.69132984604
Ireland,223507.80438336224,186699.25779078124,228758.8085976328,202737.24996423567,260392.13880224948,316815.8464565493,301194.84718145407,252472.7663784345,282214.03415938123,294407.24971317424,299476.1130662837,309165.2663634474
Estonia,117077.84949745052,38290.88597920867,72059.73755508944,96586.82518694043,156285.01964178646,145597.63309530864,184488.64749596297,138547.57353740427,177279.03107037774,183205.2603511545,177465.53820034632,158175.23376195625
Latvia,92144.4014772593,-6551.1054196996,58310.16025961707,54469.63662315131,139241.43776347666,143884.21817073235,181529.7367824021,106897.96827373496,151883.30026277367,169810.11285972293,161998.64997760148,154435.3114367226
U.K. of Great Britain and Northern Ireland,2273676.047096589,2048766.8779040263,2249293.0387573973,2118713.2327070194,2179617.910492664,2254481.794550648,2178657.724157293,1937161.7880052528,2013382.6460489505,2030062.1663908467,2042860.051805799,1807069.916516496
Finland,1566258.802810066,1215670.6040891528,1527121.5993967308,1596133.4357067756,2008800.6604278565,1498563.2540944193,1658262.8818350306,1742481.0979042903,1745888.4152036612,2146636.056606986,2294546.5742072016,2093010.29592912
Lithuania,97884.28149201264,30626.487501544405,73483.46321021621,65534.2348794555,160851.78133926736,169994.75682304488,177994.16011554273,125882.85639040504,179880.5580722366,196846.2208856,165802.4977298118,179825.4319588079
Norway,1686059.235982377,1306134.9697856512,1652533.4967669754,1774695.8025661677,2114736.9777660943,1773335.8036940545,1583229.706945707,1825053.8755037133,1993097.5624812944,2113821.407784371,2217508.396000155,2082451.3695640324
Denmark,179570.8726753516,94924.14106667158,131550.29467200258,156472.3584061799,190879.42917762624,200981.7225496762,209614.44041336025,187754.1202357061,228134.5026591062,233317.2936726432,225391.3522711644,226362.9790535014
Sweden,1700063.6649253464,930817.2595742804,1668824.3746480204,1649613.8391225492,2183467.2487244345,1814277.8266547213,1825486.384551727,1750746.804558236,2068829.5929556035,2467902.525842303,2598731.7127864864,2338652.1030945266
Iceland,449757.131863308,398466.6166637656,728772.5099566542,577906.2809522506,678563.5754624327,480690.8128762462,361554.3028481624,549913.0803376767,524564.7130002147,746168.5757797327,705804.846604803,501038.7645355859
Portugal,694195.1850074136,606794.6526062863,714181.3299891597,699465.1116015844,799483.4170937274,755456.8670732994,672865.4681977993,704200.9123265162,725011.7637876722,630631.7199635583,778127.8869422914,723193.3861018714
Spain,2674142.1717184363,2574233.814862186,2443038.158897395,2376046.325849509,2950705.5757985977,2866770.5198706314,2914591.5631186925,2779863.148416402,3044517.4760607784,2776291.573323668,3243896.897243917,3203926.068254731
Italy,3181546.494400869,3317012.22512223,3287480.9397191694,3259514.007781837,3913773.313236597,3721518.144646717,3801964.325029138,3743702.4135525497,3826887.9103705874,3434874.7611739123,3800108.247123741,3836678.3197832014
San Marino,2561.275468140724,2451.686146129113,2429.3300480010475,2407.462469634588,2740.382309462275,2558.14752741608,2736.2227200662383,2482.70874051066,2403.7940904963243,2336.313792319391,2644.254660306257,2424.771195332209
Andorra,4423.720761951571,3651.661889915162,3372.9763054704285,3256.6415052948714,4219.188607003442,3650.4617947195015,4264.845647420219,3749.6431771718094,4359.355763476909,3386.3010842261056,3317.134949832934,3388.7415149872345
The former Yugoslav Republic of Macedonia,51591.9088276046,43612.11887550064,37513.94122714701,38284.65985937011,65189.484356902016,65222.47555177257,69893.20916981465,74760.16165600775,87108.99380416097,68627.94030187445,75940.32803171364,91817.74609402084
Greece,490994.3248351658,434263.2110962311,431077.6635264641,435711.942024665,605224.0245554516,601172.014252858,621699.8436503363,662720.6154800163,707152.7476382451,705412.6273037548,759414.0615219863,801359.3418448746
Albania,60118.65316694585,55260.79639758034,36758.3222170667,28535.004673949927,64700.65679116883,67515.01252682485,77333.42528594709,90211.41479014316,103411.2742967629,101932.76449230863,120546.24398175384,135889.31892240004
Serbia,314668.7433518621,335246.4318455899,297788.4151788546,333450.01597773115,431191.1414079132,428515.136219556,487163.7436526621,391188.8364937917,515492.7374153088,486201.7442076523,513856.1397642432,576769.7513141476
Slovenia,55434.295369800566,48070.57934634017,52322.47679602888,51277.286943435,79124.55208473095,74979.97749568461,68379.24117073687,65272.55209884702,86144.04189741645,77066.61962615,87980.19560487564,88206.64895920851
Malta,17569.73456156367,18979.26300436212,17667.394327553757,18762.11578921793,19966.558129711924,19122.2743800285,20083.488289593937,19515.01844243253,19205.480103204187,19008.824489853083,20378.694648779736,20579.948559328383
Montenegro,28097.81312193643,24602.273539239,22126.35191407049,19385.478343784893,38159.82778705772,34517.20979273082,39146.90534783059,40424.80470705704,49030.98774294971,49288.39102176821,51042.44150391105,55454.070729176696
Croatia,199248.82583571423,202374.85693077205,190852.1095486346,210087.819836386,281509.6413506451,276099.6388416776,273243.87897625624,229898.16969115025,293213.6851141796,254480.73099889787,283499.8365466673,281202.4429818168
Bosnia & Herzegovina,86122.41907537339,68141.0947140383,55785.83002359001,69776.04660309068,133675.27504057018,123613.48926334748,141819.78777013137,134890.10437876784,161106.38329331554,168319.911810689,191670.05784166732,194251.4686657253
Switzerland,152544.90776358318,168679.0523080485,169826.44016787416,150276.03653889036,210782.4923139475,198987.84313465457,191097.98585962088,198856.8916289889,214119.8492481732,173041.63954208017,187622.1903811101,176076.71317149352
Austria,204880.84549098264,166905.47769058487,161563.91513586923,166234.8367799298,315357.9398377732,300476.9489740223,291449.51233237394,269724.89069661,349974.0359098518,284577.867522582,331351.82966184535,330838.1096139176
Luxembourg,30179.22807637197,31056.63766325204,32539.8597259891,33486.868286659184,30615.96307062649,34659.20930559534,34181.85233681887,31743.973244067987,35311.57649556459,27037.47965296544,27863.40055435287,25992.60749846857
Monaco,593.7939136028288,613.3836773442287,556.4099583097533,592.8805032592193,668.6109760438695,613.014965135911,518.6385928448508,488.7328412747852,487.4238337909474,416.2095699347702,461.7093529481513,415.7174356301626
Germany,1643486.9076025395,1587837.3536967293,1659739.2523955374,1669707.7854709444,2032334.458231701,2099459.9181502173,2177490.918879314,2028157.2688854923,2210582.987768766,2076740.993014066,2111145.4635094027,2057476.4654853176
Liechtenstein,970.5134000776736,935.0099872236308,1042.487611904576,1033.9363857548306,1332.3049738830216,1343.8093628620989,1121.8579641915123,1237.888448630887,1238.6147109263668,1078.327271253513,1097.8157738095258,1122.300673362847
Netherlands,965246.3188621964,781091.0721091633,731062.2307264307,806510.7933020663,744516.2427610154,771998.9304655392,820253.1127616782,700009.5248583953,747877.7064202407,602735.1553044007,627029.6380420071,506174.4193576417
France,2866531.6235564062,2819587.4139882205,2876356.2148155505,2690280.6970586167,3177186.6159956977,3104694.245657281,2920222.1057638703,2839247.581141266,3074972.949927344,2565313.2518219743,2427035.858360024,2227249.472249668
Belgium,603853.6639048578,607744.2254808556,579219.4137077383,623496.6944300681,591455.4457559176,663603.1312764937,611999.0045876388,602794.582150051,604931.4586329641,523455.20954419626,473550.19115944527,394540.08902641136
Australia,-1734923.1449043264,-5287842.337771565,-3747521.296486885,-3360562.7951072715,2069033.1404893703,2949636.534383478,2052473.8007925767,1870604.0811243672,5104649.107371534,-428345.0001724397,6142019.79059533,6220023.3276136285
New Zealand,134291.88526451122,-23498.392504461182,-9349.808055544654,29324.81235009054,280311.0142098897,220434.96387028968,210695.1853353645,256513.86229286224,303023.06189521507,155787.9487428879,409408.3245277191,449467.6417244835
Papua New Guinea,-120481.75379775552,-350776.40334127087,-140354.6208203935,-220910.1093453916,122612.66073463384,138568.47172370204,67480.85468853053,117068.39383377237,236122.5603390785,86545.07958105685,189401.3116660036,212086.5847900759
Vanuatu,-4799.515395945368,-2894.698601015404,-5107.795459211871,164.60017489732002,4767.589645954163,6690.198523950818,1268.281309018445,2034.2587837678743,6056.444645871493,3730.323796709449,6629.608014914224,6271.097423728982
Fiji,-4264.506546629973,-9032.772005562068,-7647.385522210279,-5934.647874231182,7394.314382741717,7885.874904128065,5432.402435935294,7438.075609026075,14344.518837510226,-3294.9691875849185,16067.835851365597,13980.554474329798
Solomon Islands,-10129.193023407171,-19541.37383255008,-14704.16818000855,-16026.413632023445,1451.703691817928,3403.940666628284,-266.1312432060427,740.8524658083325,12479.077851783592,8127.141769730897,9917.538546387475,7415.341448260018
Palau,-55.85455741274407,-190.04868812235904,-7.851724842173183,-49.61648682223691,266.88219965627405,322.3014003500407,308.06821145656613,235.68204897530327,450.6993868171909,282.99195084329347,324.2456477194232,416.6968220530549
Marshall Islands,7.652694511136121,-0.2570403497081741,13.521822649086191,2.937685595074785,22.59877659202846,33.663913615377204,34.401665383966886,45.258291353096304,55.21363246601222,49.68743797339791,49.04688504520328,49.05282266393542
Kiribati,-206.13028206312063,-304.6537052109761,-174.79743564034675,-264.9976247785334,20.993338113337146,98.49844890093348,5.289390120334815,27.331077440828604,190.5188220846624,-398.95270734057885,251.804717287814,226.52387226260296
Micronesia (Federated States of),-128.91454370141426,-316.3472426197459,77.57250320571683,-103.1435429638188,228.08504443476693,320.1814931232673,215.92561335198707,262.7166623866427,489.7769089622258,479.9425734461249,507.6644100910687,478.89250472630414
Nauru,98.40348589716696,156.93140762779748,164.59960034407092,181.6797205232595,183.4401822507089,201.856938501988,177.1046376568247,218.81316672620625,234.83630954038867,214.1442822410196,165.96167713362794,173.74950990080828
Tonga,133.80977855623814,17.537855402985937,60.69150936063706,89.66587601546951,498.0677050289654,503.8690800773612,551.6832273969799,685.7977772687892,804.9330686061406,640.6253530220476,839.0137376149244,817.543852293973
Samoa,-721.7403844451728,-1832.9191994092264,-1221.2401262998403,-1349.5695670767325,1097.9230939467875,1403.1709030908823,738.7388184791787,1443.5028479486102,2210.7596640968445,1998.256550968212,2543.659930753066,2807.0232570475328
Tuvalu,-14.931410275370473,-18.758710702333385,-13.92352681555877,-18.309192179249344,1.872439623342351,10.352709236028884,5.176906649411342,13.127501055084664,16.558036374183843,-8.13348229118331,19.567724855631305,18.586974697107195
